{"cameraMode":{"drawMode":0,"name":"Shaded","section":"Shading Mode"},"sceneLighting":true,"audioPlay":false,"sceneViewState":{"m_AlwaysRefresh":false,"showFog":true,"showSkybox":true,"showFlares":true,"showImageEffects":true,"showParticleSystems":true,"showVisualEffectGraphs":true,"m_FxEnabled":true},"in2DMode":false,"pivot":{"x":30.23103141784668,"y":28.64957618713379,"z":25.371944427490236},"rotation":{"x":0.017157746478915216,"y":0.35898181796073916,"z":-0.0064012822695076469,"w":0.9331862926483154},"size":2.9602699279785158,"orthographic":false}